Student_ID,Name,Gender,Age,Attendance,Study_Hours,Mathematics,Physics,Computer,English,Overall_Marks,Result
STU0001,Yash Shah,Male,21,94,7.8,70,83,85,89,81.8,Pass
STU0002,Anjali Pillai,Female,19,61,1.6,29,37,44,43,38.3,Fail
STU0003,Aditya Pillai,Male,19,74,3.3,64,56,54,54,57,Pass
STU0004,Aadhya Rao,Female,21,94,3.4,66,70,65,64,66.3,Pass
STU0005,Myra Gupta,Female,19,56,3,19,33,33,34,29.8,Fail
STU0006,Priya Dubey,Female,18,82,1.4,53,57,55,51,54,Pass
STU0007,Sai Desai,Male,21,81,6.8,68,68,79,61,69,Pass
STU0008,Yash Gupta,Male,20,89,1.3,40,54,62,49,51.3,Pass
STU0009,Sneha Deshmukh,Female,18,74,7,69,68,72,68,69.3,Pass
STU0010,Vihaan Agarwal,Male,18,64,6.7,39,50,45,59,48.3,Pass
STU0011,Swara Joshi,Female,21,87,1.8,61,59,48,57,56.3,Pass
STU0012,Neha Dubey,Female,20,70,6.9,53,67,49,72,60.3,Pass
STU0013,Riya Nair,Female,22,70,1.1,39,26,47,37,37.3,Fail
STU0014,Lakshmi Kulkarni,Female,20,89,5.9,73,74,79,71,74.3,Pass
STU0015,Sai Pillai,Male,22,97,1.3,53,46,60,56,53.8,Pass
STU0016,Gayatri Malhotra,Female,20,83,6.2,42,66,51,58,54.3,Pass
STU0017,Ayaan Pandey,Male,22,51,4.6,47,47,45,40,44.8,Pass
STU0018,Yash Patel,Male,18,67,2.8,43,50,53,45,47.8,Pass
STU0019,Gaurav Joshi,Male,20,76,5.3,51,67,68,59,61.3,Pass
STU0020,Jyoti Joshi,Female,18,68,7.8,73,77,86,64,75,Pass
STU0021,Vihaan Sharma,Male,20,54,7.9,59,55,48,70,58,Pass
STU0022,Yash Dubey,Male,20,50,5.2,37,49,47,46,44.8,Pass
STU0023,Pooja Rao,Female,20,87,6.4,73,63,70,71,69.3,Pass
STU0024,Neha Pillai,Female,21,64,5.8,36,33,45,32,36.5,Fail
STU0025,Vihaan Yadav,Male,21,87,2.7,65,52,57,50,56,Pass
STU0026,Tanvi Sharma,Female,21,58,7.1,55,53,61,48,54.3,Pass
STU0027,Bhavya Shah,Female,18,57,2.4,44,33,43,38,39.5,Fail
STU0028,Aditya Nair,Male,22,68,2.6,37,38,58,43,44,Pass
STU0029,Ayaan Gupta,Male,20,62,3.4,57,47,72,44,55,Pass
STU0030,Ishita Sinha,Female,19,94,4.2,42,42,58,58,50,Pass
STU0031,Vihaan Patel,Male,20,69,7.5,67,48,56,66,59.3,Pass
STU0032,Reyansh Sharma,Male,21,83,2.7,47,52,56,59,53.5,Pass
STU0033,Bhavya Pandey,Female,19,77,4,39,57,52,56,51,Pass
STU0034,Komal Kapoor,Female,22,62,1.3,47,42,56,45,47.5,Pass
STU0035,Yash Patel,Male,20,74,4.1,58,66,62,55,60.3,Pass
STU0036,Yash Dubey,Male,21,84,3.5,63,51,64,55,58.3,Pass
STU0037,Krishna Chauhan,Male,21,98,4.2,80,79,95,61,78.8,Pass
STU0038,Aanya Gupta,Female,18,97,6.9,78,85,83,97,85.8,Pass
STU0039,Nisha Bhat,Female,18,82,7.7,75,79,76,86,79,Pass
STU0040,Saanvi Sinha,Female,22,98,2.7,83,83,75,73,78.5,Pass
STU0041,Ayaan Shetty,Male,21,86,6.7,77,82,89,65,78.3,Pass
STU0042,Pari Naik,Female,19,65,1.8,21,37,24,13,23.8,Fail
STU0043,Omkar Deshmukh,Male,20,91,7.5,85,73,74,89,80.3,Pass
STU0044,Reyansh Kulkarni,Male,18,60,6.3,53,56,63,64,59,Pass
STU0045,Lakshmi Gupta,Female,19,97,2,77,72,86,64,74.8,Pass
STU0046,Nikhil Mishra,Male,22,82,2.2,36,56,49,42,45.8,Pass
STU0047,Suresh Thakur,Male,19,72,3.2,48,50,42,48,47,Pass
STU0048,Arjun Banerjee,Male,18,58,3.7,24,41,38,35,34.5,Fail
STU0049,Ishita Reddy,Female,20,96,3.5,78,64,71,72,71.3,Pass
STU0050,Priya Dubey,Female,22,59,6,20,29,34,31,28.5,Fail
STU0051,Swara Dubey,Female,18,52,4,63,45,55,57,55,Pass
STU0052,Suresh Gupta,Male,18,84,5.1,64,79,69,64,69,Pass
STU0053,Lakshmi Chauhan,Female,22,89,2.4,64,62,52,70,62,Pass
STU0054,Swara Dubey,Female,18,63,7,53,53,69,62,59.3,Pass
STU0055,Rohan Mehta,Male,20,52,7.2,31,37,41,40,37.3,Fail
STU0056,Ishita Joshi,Female,19,90,1.8,61,54,65,62,60.5,Pass
STU0057,Myra Chatterjee,Female,22,89,7.5,80,81,94,84,84.8,Pass
STU0058,Ananya Shah,Female,19,72,4.2,54,41,48,44,46.8,Pass
STU0059,Krishna Pandey,Male,22,78,2.4,55,52,39,46,48,Pass
STU0060,Aditya Iyer,Male,21,57,7.2,47,60,69,46,55.5,Pass
STU0061,Nisha Thakur,Female,22,71,4.4,53,52,60,52,54.3,Pass
STU0062,Ishaan Desai,Male,21,67,7.8,47,44,54,47,48,Pass
STU0063,Karthik Verma,Male,19,88,6.7,65,72,60,67,66,Pass
STU0064,Reyansh Gupta,Male,18,58,7.5,41,62,59,51,53.3,Pass
STU0065,Divya Nair,Female,18,87,3.7,60,42,58,59,54.8,Pass
STU0066,Meera Chauhan,Female,18,97,5.3,82,76,69,75,75.5,Pass
STU0067,Aadhya Banerjee,Female,21,64,3.8,35,48,54,62,49.8,Pass
STU0068,Bhavya Agarwal,Female,22,83,2.7,50,71,59,75,63.8,Pass
STU0069,Arjun Nair,Male,19,67,6.8,64,50,52,61,56.8,Pass
STU0070,Jyoti Iyer,Female,19,57,3,32,38,49,55,43.5,Fail
STU0071,Diya Chauhan,Female,20,63,3.2,25,35,42,36,34.5,Fail
STU0072,Divya Pandey,Female,19,98,1.9,62,58,65,56,60.3,Pass
STU0073,Sai Yadav,Male,21,61,4.3,37,34,49,39,39.8,Fail
STU0074,Anjali Mishra,Female,19,87,6.2,76,68,80,70,73.5,Pass
STU0075,Nitin Sinha,Male,20,87,1.6,57,57,53,51,54.5,Pass
STU0076,Lakshmi Sinha,Female,22,97,5.6,81,67,78,76,75.5,Pass
STU0077,Riya Thakur,Female,21,73,3.4,36,44,46,36,40.5,Pass
STU0078,Aanya Shah,Female,22,53,6.4,39,48,41,51,44.8,Pass
STU0079,Swara Pandey,Female,18,95,4,59,55,71,62,61.8,Pass
STU0080,Nikhil Mishra,Male,19,68,3.3,48,48,45,42,45.8,Pass
STU0081,Neha Agarwal,Female,18,76,5.8,61,60,57,43,55.3,Pass
STU0082,Meera Shetty,Female,19,86,2.8,39,28,45,44,39,Fail
STU0083,Sanjana Mehta,Female,21,86,1,62,42,56,71,57.8,Pass
STU0084,Gayatri Kapoor,Female,18,82,3.7,50,58,56,50,53.5,Pass
STU0085,Meera Naik,Female,21,81,1.7,32,42,46,41,40.3,Fail
STU0086,Aditya Banerjee,Male,19,96,1.5,58,46,82,58,61,Pass
STU0087,Aanya Bhat,Female,19,74,2.2,42,50,62,47,50.3,Pass
STU0088,Ishita Reddy,Female,21,88,5.7,69,61,79,62,67.8,Pass
STU0089,Riya Dubey,Female,21,51,5.1,44,37,50,52,45.8,Pass
STU0090,Yash Rao,Male,21,78,7,80,71,75,77,75.8,Pass
STU0091,Pooja Bhat,Female,20,96,2.6,73,70,66,71,70,Pass
STU0092,Omkar Joshi,Male,18,77,3,57,64,46,55,55.5,Pass
STU0093,Pari Thakur,Female,21,86,7.2,69,77,79,88,78.3,Pass
STU0094,Rohan Thakur,Male,21,96,6.1,73,75,83,83,78.5,Pass
STU0095,Siddharth Kapoor,Male,20,100,5.1,83,68,76,79,76.5,Pass
STU0096,Saanvi Thakur,Female,19,70,4.2,46,43,41,45,43.8,Pass
STU0097,Anjali Sharma,Female,20,65,6.7,48,55,55,64,55.5,Pass
STU0098,Ayaan Shetty,Male,18,54,6.6,38,56,44,43,45.3,Pass
STU0099,Myra Agarwal,Female,22,84,4.1,45,52,54,65,54,Pass
STU0100,Aanya Sinha,Female,20,97,3.8,65,70,80,66,70.3,Pass
STU0101,Vivaan Naik,Male,20,60,2.7,38,33,39,44,38.5,Fail
STU0102,Suresh Nair,Male,18,77,2,52,58,51,69,57.5,Pass
STU0103,Divya Joshi,Female,21,74,3.5,41,27,42,61,42.8,Fail
STU0104,Priya Pandey,Female,22,63,2.1,38,29,44,42,38.3,Fail
STU0105,Vihaan Kapoor,Male,18,70,5.8,53,67,64,66,62.5,Pass
STU0106,Omkar Gupta,Male,20,80,7.2,48,54,56,49,51.8,Pass
STU0107,Swara Banerjee,Female,21,74,1.9,49,40,58,52,49.8,Pass
STU0108,Manish Rao,Male,18,100,6.3,70,53,83,62,67,Pass
STU0109,Aarav Thakur,Male,22,94,2.6,64,69,76,68,69.3,Pass
STU0110,Neha Banerjee,Female,20,81,4.3,51,62,53,48,53.5,Pass
STU0111,Neha Nair,Female,21,66,7.8,43,62,72,53,57.5,Pass
STU0112,Bhavya Banerjee,Female,19,66,4.9,61,55,75,51,60.5,Pass
STU0113,Ishita Agarwal,Female,18,68,4.7,60,66,55,55,59,Pass
STU0114,Gaurav Dubey,Male,22,80,1.8,45,44,57,52,49.5,Pass
STU0115,Suresh Rao,Male,18,62,7.7,66,68,69,54,64.3,Pass
STU0116,Jyoti Mishra,Female,22,97,1.8,75,67,87,70,74.8,Pass
STU0117,Riya Kulkarni,Female,20,82,2.8,44,59,49,54,51.5,Pass
STU0118,Karthik Gupta,Male,18,69,4.3,43,48,57,56,51,Pass
STU0119,Tejas Verma,Male,20,90,5.8,63,84,73,70,72.5,Pass
STU0120,Ananya Rao,Female,20,65,7,42,37,52,37,42,Pass
STU0121,Varun Shah,Male,19,87,3,52,55,42,66,53.8,Pass
STU0122,Myra Gupta,Female,21,57,5.1,42,35,39,43,39.8,Fail
STU0123,Ishaan Bhat,Male,19,92,5.7,67,82,71,67,71.8,Pass
STU0124,Rohan Nair,Male,22,90,5.1,65,89,76,65,73.8,Pass
STU0125,Kabir Sinha,Male,20,66,2,23,23,40,35,30.3,Fail
STU0126,Divya Iyer,Female,20,80,3.1,53,43,58,55,52.3,Pass
STU0127,Komal Chauhan,Female,22,56,5.5,45,39,36,52,43,Pass
STU0128,Kabir Naik,Male,19,83,8,63,81,76,60,70,Pass
STU0129,Riya Sharma,Female,22,53,1.2,30,25,35,29,29.8,Fail
STU0130,Anjali Sharma,Female,20,61,4.1,27,42,41,44,38.5,Fail
STU0131,Rahul Pandey,Male,22,90,4.8,64,83,82,82,77.8,Pass
STU0132,Sneha Shah,Female,21,98,4.5,78,59,70,73,70,Pass
STU0133,Rajat Reddy,Male,19,93,7,81,61,74,69,71.3,Pass
STU0134,Ishita Chauhan,Female,21,89,4.1,76,65,68,77,71.5,Pass
STU0135,Lakshmi Rao,Female,19,57,4.2,47,35,60,45,46.8,Pass
STU0136,Krishna Kulkarni,Male,19,83,5.3,68,69,71,63,67.8,Pass
STU0137,Shreya Joshi,Female,19,81,6.1,76,67,91,71,76.3,Pass
STU0138,Ishaan Nair,Male,21,82,1.8,43,41,63,58,51.3,Pass
STU0139,Rhea Shetty,Female,21,70,3.1,44,57,61,52,53.5,Pass
STU0140,Aryan Chauhan,Male,22,96,7.9,81,91,78,70,80,Pass
STU0141,Krishna Desai,Male,18,89,3.9,67,61,76,72,69,Pass
STU0142,Gaurav Chauhan,Male,18,95,4.4,76,57,78,66,69.3,Pass
STU0143,Diya Shah,Female,22,62,1.1,33,40,33,52,39.5,Fail
STU0144,Lakshmi Iyer,Female,19,57,7.3,53,43,40,41,44.3,Pass
STU0145,Vivaan Iyer,Male,22,81,6.8,50,57,59,63,57.3,Pass
STU0146,Kavya Nair,Female,19,87,2.5,55,47,51,69,55.5,Pass
STU0147,Nisha Chauhan,Female,22,89,6.6,63,61,71,65,65,Pass
STU0148,Omkar Agarwal,Male,20,95,2.9,70,79,80,76,76.3,Pass
STU0149,Sai Deshmukh,Male,18,78,2.5,63,71,57,62,63.3,Pass
STU0150,Charvi Mehta,Female,22,52,3.6,36,36,28,30,32.5,Fail
STU0151,Diya Sinha,Female,22,58,7.8,56,49,52,62,54.8,Pass
STU0152,Aarav Patel,Male,21,98,1.9,58,64,65,76,65.8,Pass
STU0153,Kabir Naik,Male,20,91,7.1,77,74,79,68,74.5,Pass
STU0154,Gayatri Mehta,Female,18,86,6.7,66,71,70,81,72,Pass
STU0155,Myra Thakur,Female,18,50,6.4,54,49,55,45,50.8,Pass
STU0156,Manish Banerjee,Male,21,52,1.6,39,33,42,41,38.8,Fail
STU0157,Vihaan Chauhan,Male,22,78,5.4,84,73,85,74,79,Pass
STU0158,Sai Pandey,Male,22,100,2.7,82,65,75,68,72.5,Pass
STU0159,Riya Kulkarni,Female,21,73,3.5,37,31,41,54,40.8,Fail
STU0160,Harsh Yadav,Male,20,70,2.9,44,55,59,52,52.5,Pass
STU0161,Riya Agarwal,Female,18,67,2.8,58,33,45,45,45.3,Fail
STU0162,Lakshmi Rao,Female,21,68,7.7,64,49,50,66,57.3,Pass
STU0163,Tejas Agarwal,Male,21,77,6.4,59,70,65,66,65,Pass
STU0164,Yash Deshmukh,Male,20,91,1.5,45,56,59,57,54.3,Pass
STU0165,Pooja Pandey,Female,22,73,7.3,58,60,61,60,59.8,Pass
STU0166,Kavya Iyer,Female,18,93,2.9,69,66,71,81,71.8,Pass
STU0167,Aanya Reddy,Female,22,75,5.8,63,66,64,67,65,Pass
STU0168,Nisha Rao,Female,19,69,7.3,41,33,60,47,45.3,Fail
STU0169,Meera Deshmukh,Female,20,91,7.7,82,77,90,72,80.3,Pass
STU0170,Tejas Naik,Male,20,83,7.6,74,49,78,72,68.3,Pass
STU0171,Swara Dubey,Female,18,65,7.8,47,71,53,68,59.8,Pass
STU0172,Siddharth Thakur,Male,21,83,2.1,52,42,57,50,50.3,Pass
STU0173,Siddharth Banerjee,Male,18,53,1.2,20,21,23,12,19,Fail
STU0174,Ishita Mishra,Female,21,99,7.6,92,86,79,86,85.8,Pass
STU0175,Aditya Nair,Male,18,80,4.9,65,64,73,74,69,Pass
STU0176,Ananya Kapoor,Female,20,81,6,68,76,85,82,77.8,Pass
STU0177,Gaurav Chatterjee,Male,22,93,7.6,80,76,97,78,82.8,Pass
STU0178,Sneha Shah,Female,19,61,4.4,47,48,66,41,50.5,Pass
STU0179,Ayaan Malhotra,Male,19,53,2.3,46,37,49,37,42.3,Pass
STU0180,Divya Bhat,Female,22,52,4.8,58,68,45,34,51.3,Fail
STU0181,Aarav Deshmukh,Male,18,83,5.8,76,73,78,71,74.5,Pass
STU0182,Kabir Dubey,Male,20,69,6.8,67,72,63,67,67.3,Pass
STU0183,Karthik Naik,Male,22,92,5,63,73,77,60,68.3,Pass
STU0184,Aditya Chauhan,Male,21,86,3.1,54,60,51,47,53,Pass
STU0185,Gaurav Kulkarni,Male,20,74,7.5,69,58,58,74,64.8,Pass
STU0186,Suresh Chauhan,Male,21,91,2.2,63,69,77,75,71,Pass
STU0187,Divya Thakur,Female,22,62,2.3,30,31,24,51,34,Fail
STU0188,Harsh Reddy,Male,20,94,1.1,73,71,75,85,76,Pass
STU0189,Lakshmi Pillai,Female,19,86,4.7,52,64,49,60,56.3,Pass
STU0190,Gaurav Shah,Male,20,55,7.3,46,42,56,46,47.5,Pass
STU0191,Priya Pillai,Female,18,60,3.7,44,42,50,44,45,Pass
STU0192,Abhinav Verma,Male,20,73,7.2,70,59,68,61,64.5,Pass
STU0193,Bhavya Pandey,Female,21,94,5.3,77,61,72,65,68.8,Pass
STU0194,Diya Shetty,Female,21,60,5.1,25,24,39,31,29.8,Fail
STU0195,Riya Joshi,Female,20,78,5.2,66,70,61,59,64,Pass
STU0196,Varun Kulkarni,Male,21,64,5.7,43,63,42,46,48.5,Pass
STU0197,Omkar Desai,Male,18,94,4.6,62,73,75,59,67.3,Pass
STU0198,Yash Naik,Male,22,66,2.7,30,38,27,31,31.5,Fail
STU0199,Charvi Mishra,Female,18,52,1.2,33,26,37,28,31,Fail
STU0200,Meera Pandey,Female,22,93,6.1,72,85,65,68,72.5,Pass
STU0201,Aanya Pandey,Female,21,52,2.8,48,26,26,45,36.3,Fail
STU0202,Yash Iyer,Male,22,88,5.1,59,62,74,71,66.5,Pass
STU0203,Arjun Shetty,Male,21,75,6.6,53,60,66,73,63,Pass
STU0204,Charvi Agarwal,Female,22,98,7.8,66,54,86,69,68.8,Pass
STU0205,Nitin Bhat,Male,22,78,2.7,65,59,71,59,63.5,Pass
STU0206,Karthik Thakur,Male,19,97,1.7,66,52,72,62,63,Pass
STU0207,Tanvi Dubey,Female,18,50,7.8,57,53,39,37,46.5,Pass
STU0208,Ishita Nair,Female,18,97,1.9,57,59,69,68,63.3,Pass
STU0209,Sanjana Dubey,Female,19,83,7.3,69,70,90,81,77.5,Pass
STU0210,Reyansh Reddy,Male,19,76,3.7,55,50,49,59,53.3,Pass
STU0211,Varun Mishra,Male,18,52,5.7,54,47,49,56,51.5,Pass
STU0212,Lakshmi Shetty,Female,20,83,5,55,64,69,59,61.8,Pass
STU0213,Shreya Sharma,Female,18,66,2.6,55,38,52,43,47,Pass
STU0214,Omkar Nair,Male,21,79,5.1,57,45,50,53,51.3,Pass
STU0215,Diya Iyer,Female,20,92,5.4,88,94,91,85,89.5,Pass
STU0216,Shreya Chatterjee,Female,20,94,2.5,63,78,67,63,67.8,Pass
STU0217,Kavya Nair,Female,20,82,6.8,57,75,65,62,64.8,Pass
STU0218,Rajat Verma,Male,21,51,3.9,38,43,44,45,42.5,Pass
STU0219,Divya Bhat,Female,20,73,7.6,62,64,47,61,58.5,Pass
STU0220,Bhavya Pandey,Female,20,100,1.8,71,80,65,70,71.5,Pass
STU0221,Arjun Sinha,Male,18,97,5.3,68,66,77,67,69.5,Pass
STU0222,Aadhya Banerjee,Female,18,98,5.7,68,59,57,53,59.3,Pass
STU0223,Myra Mehta,Female,21,64,5,60,48,66,73,61.8,Pass
STU0224,Vihaan Mehta,Male,22,79,7.2,70,68,71,71,70,Pass
STU0225,Vivaan Yadav,Male,18,78,5.5,47,50,48,46,47.8,Pass
STU0226,Ishaan Kapoor,Male,18,70,1.2,24,13,35,38,27.5,Fail
STU0227,Varun Chauhan,Male,20,97,2.7,65,62,65,65,64.3,Pass
STU0228,Komal Malhotra,Female,22,57,1.2,27,29,29,23,27,Fail
STU0229,Jyoti Yadav,Female,21,94,3.3,83,76,79,80,79.5,Pass
STU0230,Aryan Shetty,Male,18,80,7.9,80,73,81,98,83,Pass
STU0231,Siddharth Deshmukh,Male,18,83,7.4,69,79,83,79,77.5,Pass
STU0232,Tejas Chatterjee,Male,19,74,4.1,53,51,65,52,55.3,Pass
STU0233,Lakshmi Sinha,Female,18,71,1,29,43,37,33,35.5,Fail
STU0234,Rhea Reddy,Female,19,98,1.3,65,52,55,51,55.8,Pass
STU0235,Aditya Chauhan,Male,18,96,5.7,77,76,83,68,76,Pass
STU0236,Priya Banerjee,Female,18,67,4.2,38,16,46,25,31.3,Fail
STU0237,Anjali Rao,Female,20,86,5,54,67,63,65,62.3,Pass
STU0238,Diya Naik,Female,19,52,6.1,46,57,49,50,50.5,Pass
STU0239,Saanvi Shah,Female,19,83,3.5,58,64,58,53,58.3,Pass
STU0240,Aanya Yadav,Female,22,65,4.4,53,35,51,47,46.5,Pass
STU0241,Komal Verma,Female,18,77,2.8,47,62,55,45,52.3,Pass
STU0242,Harsh Kulkarni,Male,19,51,2.9,39,32,49,15,33.8,Fail
STU0243,Karthik Nair,Male,19,69,7.2,58,70,65,60,63.3,Pass
STU0244,Pari Bhat,Female,18,94,2.8,57,69,64,66,64,Pass
STU0245,Gaurav Dubey,Male,20,70,3.1,40,57,50,47,48.5,Pass
STU0246,Krishna Banerjee,Male,21,62,2.1,37,49,36,32,38.5,Fail
STU0247,Mitali Chauhan,Female,21,79,6.1,77,74,83,67,75.3,Pass
STU0248,Arjun Pandey,Male,18,59,2.5,36,39,42,39,39,Fail
STU0249,Gayatri Sharma,Female,19,88,7.4,69,67,70,74,70,Pass
STU0250,Neha Chauhan,Female,20,99,4.2,46,61,60,50,54.3,Pass
STU0251,Karthik Agarwal,Male,22,79,1.5,50,50,64,53,54.3,Pass
STU0252,Aadhya Chatterjee,Female,22,58,3.9,40,43,42,29,38.5,Fail
STU0253,Meera Agarwal,Female,20,58,6.8,49,36,52,54,47.8,Pass
STU0254,Priya Pandey,Female,18,88,1.8,43,55,52,62,53,Pass
STU0255,Sanjana Gupta,Female,18,68,5.2,52,45,56,57,52.5,Pass
STU0256,Harsh Nair,Male,18,52,1.8,18,33,32,24,26.8,Fail
STU0257,Mitali Reddy,Female,21,74,2,43,40,40,51,43.5,Pass
STU0258,Manish Pillai,Male,22,60,3.6,38,35,53,42,42,Pass
STU0259,Harsh Nair,Male,19,52,3.3,33,14,42,27,29,Fail
STU0260,Aarav Rao,Male,18,55,6.8,42,31,60,46,44.8,Fail
STU0261,Rajat Malhotra,Male,22,88,5.3,74,72,71,68,71.3,Pass
STU0262,Myra Reddy,Female,18,63,1.7,29,46,58,42,43.8,Fail
STU0263,Rohan Joshi,Male,21,74,7.8,79,68,70,61,69.5,Pass
STU0264,Riya Malhotra,Female,19,65,7.6,56,73,65,64,64.5,Pass
STU0265,Priya Mishra,Female,20,83,4.4,56,58,70,50,58.5,Pass
STU0266,Dhruv Banerjee,Male,19,77,2.5,51,42,59,56,52,Pass
STU0267,Jyoti Shah,Female,21,79,5.9,51,61,81,59,63,Pass
STU0268,Yash Nair,Male,20,65,3.7,44,48,54,38,46,Pass
STU0269,Gayatri Malhotra,Female,18,83,6.2,63,63,72,78,69,Pass
STU0270,Rajat Chatterjee,Male,19,63,6.4,35,41,52,42,42.5,Pass
STU0271,Dhruv Shah,Male,18,66,5,49,51,52,62,53.5,Pass
STU0272,Aarav Verma,Male,19,75,5,46,48,59,52,51.3,Pass
STU0273,Reyansh Chauhan,Male,18,81,6.4,85,69,65,64,70.8,Pass
STU0274,Pooja Pillai,Female,20,99,5.9,88,76,84,78,81.5,Pass
STU0275,Omkar Sharma,Male,22,60,7.7,50,68,52,45,53.8,Pass
STU0276,Meera Joshi,Female,18,72,5.3,55,55,41,44,48.8,Pass
STU0277,Myra Patel,Female,18,74,6.9,66,60,74,58,64.5,Pass
STU0278,Lakshmi Shah,Female,18,94,3.3,62,66,74,67,67.3,Pass
STU0279,Divya Mishra,Female,18,55,3.8,28,17,30,32,26.8,Fail
STU0280,Sai Agarwal,Male,18,89,2.6,58,59,73,53,60.8,Pass
STU0281,Krishna Deshmukh,Male,18,71,5.6,61,61,69,67,64.5,Pass
STU0282,Nitin Naik,Male,21,74,6.2,63,55,55,58,57.8,Pass
STU0283,Nitin Thakur,Male,20,51,2.6,36,43,35,34,37,Fail
STU0284,Sneha Deshmukh,Female,20,89,7.6,68,73,74,67,70.5,Pass
STU0285,Anjali Bhat,Female,18,90,1.9,62,46,76,66,62.5,Pass
STU0286,Gaurav Kapoor,Male,18,95,1.7,70,62,58,52,60.5,Pass
STU0287,Ananya Gupta,Female,21,96,1.7,56,58,56,66,59,Pass
STU0288,Neha Desai,Female,18,97,4.5,63,66,76,51,64,Pass
STU0289,Anjali Thakur,Female,18,87,6.1,58,65,81,66,67.5,Pass
STU0290,Myra Kulkarni,Female,19,72,5.2,59,56,61,42,54.5,Pass
STU0291,Anjali Shah,Female,21,66,7.8,73,70,58,76,69.3,Pass
STU0292,Mitali Deshmukh,Female,20,67,1.9,20,29,34,32,28.8,Fail
STU0293,Vivaan Banerjee,Male,20,64,3.1,55,40,64,61,55,Pass
STU0294,Siddharth Gupta,Male,19,61,2.3,39,52,41,42,43.5,Pass
STU0295,Nikhil Mehta,Male,18,82,7.9,64,69,91,80,76,Pass
STU0296,Ayaan Iyer,Male,20,93,2.9,70,74,82,88,78.5,Pass
STU0297,Yash Iyer,Male,18,94,2.2,69,57,61,57,61,Pass
STU0298,Pooja Sinha,Female,22,80,2.5,64,69,67,60,65,Pass
STU0299,Arjun Joshi,Male,18,69,4.3,58,47,69,63,59.3,Pass
STU0300,Ishaan Sinha,Male,21,57,5.7,50,57,62,68,59.3,Pass
STU0301,Omkar Agarwal,Male,18,99,6,86,84,88,73,82.8,Pass
STU0302,Riya Joshi,Female,20,70,5.3,59,60,55,61,58.8,Pass
STU0303,Yash Verma,Male,18,78,1,50,32,36,39,39.3,Fail
STU0304,Yash Malhotra,Male,22,63,6.2,55,54,57,62,57,Pass
STU0305,Pooja Sharma,Female,20,51,5.3,29,39,31,37,34,Fail
STU0306,Diya Iyer,Female,22,51,4.7,39,51,44,49,45.8,Pass
STU0307,Nitin Chatterjee,Male,20,53,2,36,29,13,27,26.3,Fail
STU0308,Nitin Naik,Male,20,72,7.4,62,78,53,76,67.3,Pass
STU0309,Rohan Deshmukh,Male,18,74,2.7,31,37,48,44,40,Fail
STU0310,Gayatri Sinha,Female,19,53,6.2,54,39,43,30,41.5,Fail
STU0311,Aanya Verma,Female,21,60,4.1,40,43,42,30,38.8,Fail
STU0312,Charvi Iyer,Female,18,79,4.4,53,53,50,55,52.8,Pass
STU0313,Varun Gupta,Male,21,60,6.3,37,43,32,41,38.3,Fail
STU0314,Nikhil Kulkarni,Male,20,81,3.7,48,68,49,36,50.3,Pass
STU0315,Riya Nair,Female,19,65,5.1,44,49,52,45,47.5,Pass
STU0316,Tanvi Malhotra,Female,19,66,1.1,37,41,40,38,39,Fail
STU0317,Kabir Kapoor,Male,22,96,4.2,80,72,77,75,76,Pass
STU0318,Diya Shah,Female,18,87,7.5,70,68,68,75,70.3,Pass
STU0319,Mitali Pillai,Female,21,75,1.9,39,43,51,58,47.8,Pass
STU0320,Mitali Yadav,Female,20,60,5.6,40,48,49,56,48.3,Pass
STU0321,Sai Pandey,Male,22,77,3.2,35,35,56,55,45.3,Pass
STU0322,Reyansh Nair,Male,18,90,3.5,75,58,83,84,75,Pass
STU0323,Manish Patel,Male,20,52,4.5,49,48,52,40,47.3,Pass
STU0324,Mitali Rao,Female,21,61,7,52,44,55,56,51.8,Pass
STU0325,Kabir Naik,Male,18,73,7.2,51,61,59,71,60.5,Pass
STU0326,Ananya Desai,Female,21,89,4.6,62,67,69,58,64,Pass
STU0327,Manish Thakur,Male,22,69,2.2,44,60,52,57,53.3,Pass
STU0328,Rahul Chatterjee,Male,18,68,6.1,64,59,65,67,63.8,Pass
STU0329,Pooja Verma,Female,22,65,7.7,70,69,80,61,70,Pass
STU0330,Priya Naik,Female,20,94,4.6,68,57,76,72,68.3,Pass
STU0331,Gaurav Pandey,Male,22,79,1.3,42,45,58,58,50.8,Pass
STU0332,Omkar Bhat,Male,19,58,5.7,55,35,44,48,45.5,Pass
STU0333,Kavya Nair,Female,20,51,7.9,45,53,55,61,53.5,Pass
STU0334,Neha Chauhan,Female,20,80,1.4,43,37,45,41,41.5,Pass
STU0335,Bhavya Naik,Female,20,91,5.4,70,76,70,67,70.8,Pass
STU0336,Kabir Dubey,Male,22,53,7.7,40,52,57,52,50.3,Pass
STU0337,Pooja Iyer,Female,22,68,4.4,53,46,51,45,48.8,Pass
STU0338,Varun Iyer,Male,18,84,6.9,50,65,76,81,68,Pass
STU0339,Tejas Shah,Male,19,87,6.9,73,73,66,74,71.5,Pass
STU0340,Charvi Thakur,Female,18,68,4.8,46,34,38,48,41.5,Fail
STU0341,Abhinav Sinha,Male,21,78,5.4,54,64,72,71,65.3,Pass
STU0342,Gayatri Iyer,Female,19,61,2.1,32,30,45,35,35.5,Fail
STU0343,Sai Deshmukh,Male,18,62,3,38,34,47,35,38.5,Fail
STU0344,Charvi Naik,Female,21,54,3.2,40,39,45,28,38,Fail
STU0345,Varun Patel,Male,22,73,6.7,53,57,80,66,64,Pass
STU0346,Abhinav Naik,Male,21,68,5.2,61,70,72,72,68.8,Pass
STU0347,Bhavya Bhat,Female,21,83,7.3,68,58,71,72,67.3,Pass
STU0348,Arjun Mishra,Male,22,84,2.9,59,48,64,50,55.3,Pass
STU0349,Rhea Chatterjee,Female,22,81,6.4,49,86,70,58,65.8,Pass
STU0350,Abhinav Agarwal,Male,22,56,6.4,38,52,43,55,47,Pass
STU0351,Rhea Bhat,Female,18,77,5.6,59,56,64,55,58.5,Pass
STU0352,Swara Mishra,Female,18,59,7,37,53,54,55,49.8,Pass
STU0353,Aryan Shah,Male,21,92,4.3,50,56,59,54,54.8,Pass
STU0354,Ayaan Shah,Male,22,81,4.3,47,46,52,51,49,Pass
STU0355,Nikhil Nair,Male,18,59,5.3,47,54,42,58,50.3,Pass
STU0356,Divya Verma,Female,19,88,4.6,74,69,83,64,72.5,Pass
STU0357,Shreya Malhotra,Female,21,72,1.7,49,51,56,57,53.3,Pass
STU0358,Ayaan Shetty,Male,18,72,3,47,43,53,43,46.5,Pass
STU0359,Aarav Thakur,Male,22,61,2.5,42,45,54,45,46.5,Pass
STU0360,Arjun Chatterjee,Male,21,73,6.2,48,58,60,44,52.5,Pass
STU0361,Omkar Shetty,Male,20,64,4.9,45,61,59,51,54,Pass
STU0362,Komal Sharma,Female,19,92,7.2,67,78,76,88,77.3,Pass
STU0363,Siddharth Mehta,Male,20,61,2.7,6,21,33,36,24,Fail
STU0364,Diya Deshmukh,Female,18,86,3.7,42,43,45,58,47,Pass
STU0365,Siddharth Rao,Male,18,99,2.9,68,81,70,73,73,Pass
STU0366,Nisha Patel,Female,22,68,6.8,56,54,59,60,57.3,Pass
STU0367,Harsh Sinha,Male,21,54,7.6,37,48,51,42,44.5,Pass
STU0368,Charvi Desai,Female,19,64,4.7,35,40,35,34,36,Fail
STU0369,Pari Chatterjee,Female,19,83,4.1,81,82,74,90,81.8,Pass
STU0370,Diya Nair,Female,19,87,6.9,79,74,72,83,77,Pass
STU0371,Aryan Dubey,Male,18,86,4.2,58,47,66,67,59.5,Pass
STU0372,Aarav Malhotra,Male,18,86,5.4,77,81,67,75,75,Pass
STU0373,Omkar Gupta,Male,19,52,1,17,26,36,35,28.5,Fail
STU0374,Manish Sinha,Male,21,69,1.3,56,49,57,55,54.3,Pass
STU0375,Neha Nair,Female,19,76,7,63,70,71,70,68.5,Pass
STU0376,Myra Bhat,Female,22,50,7.9,38,49,54,73,53.5,Pass
STU0377,Anjali Kapoor,Female,21,100,1.2,70,50,59,55,58.5,Pass
STU0378,Sai Kapoor,Male,20,70,1.6,44,29,49,42,41,Fail
STU0379,Charvi Reddy,Female,21,51,7.6,37,52,50,51,47.5,Pass
STU0380,Nisha Verma,Female,20,53,1.8,36,32,26,35,32.3,Fail
STU0381,Riya Deshmukh,Female,18,61,2.4,21,48,49,36,38.5,Fail
STU0382,Omkar Shetty,Male,20,79,7.7,71,94,84,87,84,Pass
STU0383,Reyansh Patel,Male,20,57,7.8,59,62,75,57,63.3,Pass
STU0384,Sneha Chatterjee,Female,18,74,7,69,69,79,73,72.5,Pass
STU0385,Meera Mishra,Female,20,68,7.3,67,61,80,67,68.8,Pass
STU0386,Suresh Rao,Male,19,72,3.6,53,42,56,47,49.5,Pass
STU0387,Rahul Malhotra,Male,22,66,3.3,47,45,56,49,49.3,Pass
STU0388,Divya Pandey,Female,19,51,4.7,33,35,44,42,38.5,Fail
STU0389,Diya Joshi,Female,21,85,6.6,71,79,78,82,77.5,Pass
STU0390,Reyansh Malhotra,Male,22,67,5.9,41,45,49,56,47.8,Pass
STU0391,Mitali Reddy,Female,21,95,1.7,57,56,72,53,59.5,Pass
STU0392,Swara Rao,Female,20,52,3.5,23,46,40,41,37.5,Fail
STU0393,Swara Iyer,Female,22,83,1.5,52,65,61,55,58.3,Pass
STU0394,Sai Agarwal,Male,18,77,7,70,61,70,69,67.5,Pass
STU0395,Komal Desai,Female,21,58,6.1,35,36,44,54,42.3,Pass
STU0396,Nitin Kulkarni,Male,20,73,5.5,57,51,53,66,56.8,Pass
STU0397,Myra Shah,Female,19,73,6.4,63,68,80,64,68.8,Pass
STU0398,Pranav Reddy,Male,22,92,1.3,49,61,64,56,57.5,Pass
STU0399,Sai Verma,Male,20,82,8,74,72,75,72,73.3,Pass
STU0400,Omkar Yadav,Male,22,68,7,47,58,65,60,57.5,Pass
STU0401,Diya Agarwal,Female,22,50,4.6,44,38,45,46,43.3,Pass
STU0402,Aadhya Pandey,Female,22,58,5.5,42,59,65,54,55,Pass
STU0403,Divya Shetty,Female,22,97,2,59,63,70,58,62.5,Pass
STU0404,Priya Pandey,Female,19,72,3.8,48,44,53,42,46.8,Pass
STU0405,Divya Pillai,Female,18,75,3.3,61,60,78,67,66.5,Pass
STU0406,Diya Kulkarni,Female,18,55,1.8,29,18,48,33,32,Fail
STU0407,Kavya Agarwal,Female,18,55,6.4,49,51,54,57,52.8,Pass
STU0408,Shreya Kulkarni,Female,22,92,7.7,73,70,77,80,75,Pass
STU0409,Abhinav Chauhan,Male,22,70,4.4,49,64,58,46,54.3,Pass
STU0410,Ananya Pillai,Female,19,69,7.2,55,58,65,67,61.3,Pass
STU0411,Ananya Verma,Female,20,75,1,36,52,57,49,48.5,Pass
STU0412,Tanvi Shetty,Female,20,64,3.9,57,52,76,76,65.3,Pass
STU0413,Abhinav Kulkarni,Male,20,76,7,54,63,68,63,62,Pass
STU0414,Manish Thakur,Male,18,98,1.1,60,63,73,49,61.3,Pass
STU0415,Gayatri Shetty,Female,18,61,2.5,40,54,49,57,50,Pass
STU0416,Pranav Patel,Male,22,80,3.7,63,70,55,50,59.5,Pass
STU0417,Shreya Kapoor,Female,20,72,5.5,59,56,58,66,59.8,Pass
STU0418,Abhinav Gupta,Male,20,62,6.4,36,41,31,44,38,Fail
STU0419,Dhruv Mishra,Male,22,78,1.3,33,41,60,46,45,Fail
STU0420,Tejas Sinha,Male,21,57,6.5,40,59,49,48,49,Pass
STU0421,Shreya Kapoor,Female,18,57,1.5,30,37,33,26,31.5,Fail
STU0422,Mitali Yadav,Female,22,89,7.5,85,82,77,80,81,Pass
STU0423,Aanya Thakur,Female,19,86,5.6,55,51,80,65,62.8,Pass
STU0424,Aanya Iyer,Female,22,73,4.9,48,42,43,56,47.3,Pass
STU0425,Gaurav Patel,Male,20,65,4.5,55,56,56,50,54.3,Pass
STU0426,Dhruv Banerjee,Male,18,88,4.9,67,70,58,60,63.8,Pass
STU0427,Rahul Agarwal,Male,22,94,6.8,70,66,80,67,70.8,Pass
STU0428,Komal Pillai,Female,19,75,3.2,42,37,59,52,47.5,Pass
STU0429,Kabir Naik,Male,18,99,4.1,56,57,78,70,65.3,Pass
STU0430,Sanjana Sharma,Female,19,64,7,26,48,56,48,44.5,Fail
STU0431,Bhavya Iyer,Female,18,90,2.7,48,54,60,48,52.5,Pass
STU0432,Priya Agarwal,Female,21,87,7.3,69,81,95,76,80.3,Pass
STU0433,Aanya Pandey,Female,22,65,7.5,49,55,67,73,61,Pass
STU0434,Kabir Banerjee,Male,20,72,7.4,57,69,74,68,67,Pass
STU0435,Diya Thakur,Female,21,88,5,59,70,64,77,67.5,Pass
STU0436,Pari Patel,Female,21,91,1.3,48,50,52,68,54.5,Pass
STU0437,Nitin Pandey,Male,22,74,5.1,52,52,55,61,55,Pass
STU0438,Sai Yadav,Male,20,77,3.6,45,48,69,52,53.5,Pass
STU0439,Omkar Malhotra,Male,20,67,5,71,68,71,67,69.3,Pass
STU0440,Rhea Malhotra,Female,18,96,1.2,57,55,58,49,54.8,Pass
STU0441,Abhinav Kulkarni,Male,18,57,1.9,24,21,31,32,27,Fail
STU0442,Priya Verma,Female,22,80,4.7,51,46,62,49,52,Pass
STU0443,Omkar Bhat,Male,20,55,2.3,31,32,41,24,32,Fail
STU0444,Krishna Mehta,Male,18,58,7.9,61,60,65,57,60.8,Pass
STU0445,Nitin Malhotra,Male,21,73,5.8,50,48,60,59,54.3,Pass
STU0446,Riya Bhat,Female,19,56,4.2,45,41,48,41,43.8,Pass
STU0447,Aadhya Gupta,Female,19,76,4.9,44,46,49,45,46,Pass
STU0448,Jyoti Mishra,Female,22,65,4.2,62,58,75,60,63.8,Pass
STU0449,Manish Pandey,Male,22,96,6.2,81,83,76,78,79.5,Pass
STU0450,Nisha Banerjee,Female,19,60,7.1,53,81,59,65,64.5,Pass
STU0451,Aditya Joshi,Male,20,88,4.5,64,72,70,58,66,Pass
STU0452,Rohan Mishra,Male,22,62,7.2,58,57,64,61,60,Pass
STU0453,Kabir Desai,Male,22,54,4.1,59,52,45,33,47.3,Fail
STU0454,Ishita Iyer,Female,20,87,1.2,57,41,52,45,48.8,Pass
STU0455,Sneha Shah,Female,19,54,5,45,49,63,46,50.8,Pass
STU0456,Riya Kulkarni,Female,18,65,1.4,47,46,57,56,51.5,Pass
STU0457,Nikhil Mehta,Male,20,87,7.2,64,72,78,75,72.3,Pass
STU0458,Omkar Shetty,Male,18,50,4.9,45,48,45,21,39.8,Fail
STU0459,Tejas Verma,Male,18,88,3.9,60,62,77,64,65.8,Pass
STU0460,Abhinav Desai,Male,22,97,6.3,91,76,76,84,81.8,Pass
STU0461,Meera Gupta,Female,18,64,1.7,35,39,41,40,38.8,Fail
STU0462,Sanjana Pillai,Female,20,51,2.4,30,36,42,23,32.8,Fail
STU0463,Anjali Bhat,Female,21,72,4.1,43,50,57,62,53,Pass
STU0464,Shreya Kapoor,Female,18,56,6.9,53,60,59,45,54.3,Pass
STU0465,Nitin Desai,Male,18,66,2.4,25,27,39,32,30.8,Fail
STU0466,Aditya Yadav,Male,19,67,2.9,44,42,52,46,46,Pass
STU0467,Arjun Nair,Male,19,57,4.5,48,37,70,44,49.8,Pass
STU0468,Tejas Kulkarni,Male,19,69,3.5,25,42,46,39,38,Fail
STU0469,Vihaan Deshmukh,Male,20,97,7.8,69,77,80,82,77,Pass
STU0470,Tanvi Chatterjee,Female,18,65,3,47,44,47,51,47.3,Pass
STU0471,Krishna Dubey,Male,18,96,2.3,70,68,62,75,68.8,Pass
STU0472,Kabir Verma,Male,18,50,6.2,44,36,54,37,42.8,Pass
STU0473,Komal Mehta,Female,21,67,2.2,41,51,42,42,44,Pass
STU0474,Karthik Gupta,Male,21,89,4.2,62,67,74,60,65.8,Pass
STU0475,Krishna Nair,Male,18,91,2.9,71,71,70,68,70,Pass
STU0476,Pranav Rao,Male,19,94,3.5,58,76,56,49,59.8,Pass
STU0477,Mitali Chatterjee,Female,18,81,7.6,67,67,66,53,63.3,Pass
STU0478,Diya Desai,Female,18,92,5.6,73,67,79,62,70.3,Pass
STU0479,Diya Joshi,Female,22,86,4,69,60,64,71,66,Pass
STU0480,Vihaan Pandey,Male,22,93,1.1,48,47,66,59,55,Pass
STU0481,Vivaan Mehta,Male,22,58,7.6,73,51,79,66,67.3,Pass
STU0482,Sanjana Iyer,Female,21,84,4.3,63,62,54,59,59.5,Pass
STU0483,Sneha Kapoor,Female,21,88,5.4,68,59,76,89,73,Pass
STU0484,Sanjana Chauhan,Female,22,65,2.6,40,45,50,53,47,Pass
STU0485,Nisha Kulkarni,Female,18,89,2.4,56,64,63,72,63.8,Pass
STU0486,Rohan Mehta,Male,18,71,4.8,60,62,53,58,58.3,Pass
STU0487,Siddharth Kapoor,Male,21,56,2.7,35,43,30,35,35.8,Fail
STU0488,Ayaan Chauhan,Male,19,74,7.9,71,61,67,61,65,Pass
STU0489,Lakshmi Naik,Female,20,57,4.9,47,53,46,42,47,Pass
STU0490,Rahul Bhat,Male,21,53,5.2,27,46,53,34,40,Fail
STU0491,Diya Gupta,Female,19,88,6.9,75,68,85,84,78,Pass
STU0492,Dhruv Chauhan,Male,19,63,7.9,64,64,64,62,63.5,Pass
STU0493,Kavya Naik,Female,18,71,7.9,67,74,76,79,74,Pass
STU0494,Bhavya Sharma,Female,21,90,7.6,83,71,81,90,81.3,Pass
STU0495,Gaurav Kulkarni,Male,19,56,5.6,43,49,58,55,51.3,Pass
STU0496,Divya Reddy,Female,19,93,3.9,66,66,71,83,71.5,Pass
STU0497,Siddharth Kulkarni,Male,18,83,3.4,62,61,68,61,63,Pass
STU0498,Swara Chauhan,Female,21,93,4.4,75,78,82,85,80,Pass
STU0499,Neha Chauhan,Female,21,81,3.4,61,58,43,53,53.8,Pass
STU0500,Nisha Iyer,Female,22,54,5.2,41,41,62,42,46.5,Pass
STU0501,Priya Pandey,Female,19,67,3.4,40,41,45,50,44,Pass
STU0502,Shreya Reddy,Female,21,90,7.8,80,81,68,79,77,Pass
STU0503,Jyoti Banerjee,Female,20,62,4,68,57,45,51,55.3,Pass
STU0504,Abhinav Agarwal,Male,20,60,3.9,45,53,34,47,44.8,Fail
STU0505,Charvi Thakur,Female,19,83,5.9,69,63,71,79,70.5,Pass
STU0506,Rajat Rao,Male,18,87,4.5,59,48,49,58,53.5,Pass
STU0507,Suresh Banerjee,Male,19,68,2.9,63,43,56,40,50.5,Pass
STU0508,Sneha Deshmukh,Female,19,54,5.5,41,31,33,30,33.8,Fail
STU0509,Myra Joshi,Female,19,76,1.4,44,61,51,54,52.5,Pass
STU0510,Varun Malhotra,Male,18,61,5.1,42,36,53,44,43.8,Pass
STU0511,Swara Patel,Female,19,89,2.3,43,26,51,47,41.8,Fail
STU0512,Neha Shetty,Female,22,100,5.5,74,69,66,79,72,Pass
STU0513,Shreya Naik,Female,22,97,4.1,76,87,71,85,79.8,Pass
STU0514,Divya Agarwal,Female,18,91,7.5,59,64,61,68,63,Pass
STU0515,Pranav Kulkarni,Male,22,87,1,51,70,59,59,59.8,Pass
STU0516,Neha Chauhan,Female,21,91,1.6,60,61,55,64,60,Pass
STU0517,Aryan Mehta,Male,18,61,7.4,48,63,70,64,61.3,Pass
STU0518,Jyoti Pillai,Female,20,96,5.1,62,74,62,67,66.3,Pass
STU0519,Rohan Verma,Male,19,76,3.5,61,63,65,54,60.8,Pass
STU0520,Harsh Joshi,Male,22,58,5.9,60,37,58,54,52.3,Pass
STU0521,Swara Bhat,Female,19,73,1.7,33,35,34,46,37,Fail
STU0522,Sneha Deshmukh,Female,20,68,3.4,54,50,51,49,51,Pass
STU0523,Nitin Pandey,Male,20,62,5,39,38,39,56,43,Pass
STU0524,Priya Nair,Female,21,70,8,74,72,81,59,71.5,Pass
STU0525,Saanvi Pandey,Female,19,82,5.9,57,58,63,52,57.5,Pass
STU0526,Pooja Malhotra,Female,22,83,2.7,59,66,68,59,63,Pass
STU0527,Abhinav Patel,Male,22,56,7.2,42,57,61,47,51.8,Pass
STU0528,Rajat Rao,Male,19,65,4.2,29,59,57,48,48.3,Fail
STU0529,Varun Nair,Male,18,90,3.2,65,53,64,71,63.3,Pass
STU0530,Nitin Agarwal,Male,21,60,3.3,28,20,44,34,31.5,Fail
STU0531,Rahul Chauhan,Male,18,91,4.8,66,75,66,69,69,Pass
STU0532,Komal Patel,Female,18,53,5.5,56,42,40,42,45,Pass
STU0533,Tanvi Banerjee,Female,19,78,1.1,47,46,61,53,51.8,Pass
STU0534,Suresh Shetty,Male,19,72,2.6,51,53,62,56,55.5,Pass
STU0535,Vihaan Iyer,Male,21,81,2,48,61,63,66,59.5,Pass
STU0536,Varun Kapoor,Male,20,56,5.3,41,48,48,60,49.3,Pass
STU0537,Saanvi Pandey,Female,18,93,5,62,70,85,83,75,Pass
STU0538,Karthik Mehta,Male,22,84,5,56,48,61,50,53.8,Pass
STU0539,Ananya Deshmukh,Female,21,86,3.4,56,55,66,57,58.5,Pass
STU0540,Priya Agarwal,Female,22,97,5.1,69,69,78,67,70.8,Pass
STU0541,Arjun Naik,Male,19,94,2.1,57,65,81,61,66,Pass
STU0542,Myra Sharma,Female,21,79,6.5,73,76,87,75,77.8,Pass
STU0543,Rohan Yadav,Male,21,84,8,64,77,73,73,71.8,Pass
STU0544,Harsh Shetty,Male,21,65,5.7,49,68,62,55,58.5,Pass
STU0545,Lakshmi Bhat,Female,20,96,6.9,87,61,80,80,77,Pass
STU0546,Arjun Nair,Male,20,76,3.2,53,53,60,64,57.5,Pass
STU0547,Reyansh Desai,Male,21,73,3.3,56,44,69,51,55,Pass
STU0548,Pooja Reddy,Female,18,53,1.5,26,28,24,28,26.5,Fail
STU0549,Manish Shetty,Male,22,59,1.5,35,28,43,42,37,Fail
STU0550,Bhavya Iyer,Female,22,56,2.8,28,22,35,49,33.5,Fail
STU0551,Riya Pillai,Female,19,76,6.9,56,67,60,59,60.5,Pass
STU0552,Charvi Iyer,Female,22,96,7.9,84,62,77,71,73.5,Pass
STU0553,Yash Naik,Male,22,93,5.6,80,74,82,77,78.3,Pass
STU0554,Sanjana Shetty,Female,22,86,4.8,74,59,69,61,65.8,Pass
STU0555,Kabir Yadav,Male,21,58,6.6,57,54,67,46,56,Pass
STU0556,Pranav Dubey,Male,18,67,7.1,57,49,59,64,57.3,Pass
STU0557,Ishaan Yadav,Male,19,88,6.7,87,75,78,80,80,Pass
STU0558,Omkar Agarwal,Male,21,65,1.7,42,39,54,35,42.5,Pass
STU0559,Aditya Sinha,Male,20,94,5.3,65,61,68,79,68.3,Pass
STU0560,Lakshmi Sharma,Female,18,84,7,57,67,78,80,70.5,Pass
STU0561,Aryan Verma,Male,18,62,3,40,35,54,38,41.8,Pass
STU0562,Krishna Chauhan,Male,20,83,3.1,36,45,48,49,44.5,Pass
STU0563,Meera Kapoor,Female,19,99,3.4,71,60,74,60,66.3,Pass
STU0564,Divya Sinha,Female,22,86,2.7,58,59,55,53,56.3,Pass
STU0565,Jyoti Verma,Female,21,51,1.9,32,30,23,26,27.8,Fail
STU0566,Vihaan Mehta,Male,22,100,2.9,80,77,81,68,76.5,Pass
STU0567,Gaurav Mehta,Male,20,82,1.9,60,64,54,66,61,Pass
STU0568,Tanvi Kapoor,Female,21,87,7.9,71,83,77,65,74,Pass
STU0569,Kabir Chauhan,Male,20,76,1,34,30,37,35,34,Fail
STU0570,Swara Reddy,Female,22,94,4.5,69,68,81,71,72.3,Pass
STU0571,Dhruv Kapoor,Male,22,70,2.5,49,42,65,53,52.3,Pass
STU0572,Sai Pillai,Male,20,86,2.5,70,56,62,66,63.5,Pass
STU0573,Ayaan Shah,Male,19,77,5.6,62,69,68,67,66.5,Pass
STU0574,Omkar Gupta,Male,18,97,7.6,92,91,96,99,94.5,Pass
STU0575,Pooja Mishra,Female,22,55,2.9,32,40,50,52,43.5,Fail
STU0576,Pranav Sinha,Male,21,78,4.8,71,71,85,83,77.5,Pass
STU0577,Arjun Iyer,Male,21,52,1.8,17,21,24,40,25.5,Fail
STU0578,Pari Thakur,Female,18,96,7.9,86,85,82,100,88.3,Pass
STU0579,Diya Deshmukh,Female,22,51,7.8,57,51,66,66,60,Pass
STU0580,Myra Iyer,Female,22,52,7.6,53,30,38,36,39.3,Fail
STU0581,Aanya Gupta,Female,21,57,7.9,39,43,45,45,43,Pass
STU0582,Sai Bhat,Male,22,56,5.7,61,51,66,48,56.5,Pass
STU0583,Sai Reddy,Male,21,64,5.9,60,55,59,66,60,Pass
STU0584,Aryan Nair,Male,22,95,4.5,71,66,96,76,77.3,Pass
STU0585,Aditya Sharma,Male,21,80,6.3,59,60,73,69,65.3,Pass
STU0586,Rohan Kapoor,Male,18,61,6.6,58,55,60,63,59,Pass
STU0587,Rohan Mishra,Male,22,88,1.4,48,54,64,61,56.8,Pass
STU0588,Shreya Kapoor,Female,19,98,5,74,64,81,66,71.3,Pass
STU0589,Vivaan Verma,Male,22,70,4,45,44,49,51,47.3,Pass
STU0590,Neha Shetty,Female,19,98,1.4,70,59,59,61,62.3,Pass
STU0591,Riya Patel,Female,20,84,7.6,69,93,92,71,81.3,Pass
STU0592,Aarav Shetty,Male,20,59,7.2,47,55,60,52,53.5,Pass
STU0593,Pari Malhotra,Female,22,53,6.8,48,41,38,51,44.5,Pass
STU0594,Aadhya Sharma,Female,22,68,7.8,72,71,55,76,68.5,Pass
STU0595,Rajat Pillai,Male,19,51,5.3,38,48,49,37,43,Pass
STU0596,Pooja Chauhan,Female,21,80,7,75,76,66,79,74,Pass
STU0597,Dhruv Kapoor,Male,19,60,5.4,39,50,40,50,44.8,Pass
STU0598,Bhavya Kulkarni,Female,22,53,2.2,33,28,49,42,38,Fail
STU0599,Anjali Shetty,Female,19,87,1.8,55,64,68,58,61.3,Pass
STU0600,Nisha Banerjee,Female,19,66,5.2,55,60,58,67,60,Pass
STU0601,Komal Mishra,Female,21,74,2.2,32,34,40,41,36.8,Fail
STU0602,Rhea Mishra,Female,22,78,7,75,68,86,75,76,Pass
STU0603,Omkar Chatterjee,Male,22,86,2.8,45,60,56,46,51.8,Pass
STU0604,Gaurav Sinha,Male,21,53,1.2,44,41,42,46,43.3,Pass
STU0605,Dhruv Yadav,Male,22,60,3.1,40,32,37,35,36,Fail
STU0606,Ishita Dubey,Female,21,98,1.7,61,66,66,59,63,Pass
STU0607,Abhinav Patel,Male,21,76,2,27,43,32,35,34.3,Fail
STU0608,Kavya Sharma,Female,21,64,6,41,60,54,59,53.5,Pass
STU0609,Kabir Desai,Male,22,81,1.2,46,47,53,61,51.8,Pass
STU0610,Jyoti Desai,Female,21,89,7.5,79,100,87,82,87,Pass
STU0611,Reyansh Yadav,Male,20,53,4.3,29,48,45,33,38.8,Fail
STU0612,Riya Nair,Female,18,59,5,51,34,32,45,40.5,Fail
STU0613,Manish Shah,Male,22,87,1.5,50,52,52,48,50.5,Pass
STU0614,Aryan Sinha,Male,20,92,4.3,77,67,64,62,67.5,Pass
STU0615,Neha Kapoor,Female,19,76,7,40,47,59,57,50.8,Pass
STU0616,Lakshmi Pandey,Female,18,74,7.9,55,53,75,61,61,Pass
STU0617,Ishaan Patel,Male,22,94,7.9,82,71,74,78,76.3,Pass
STU0618,Nitin Rao,Male,19,80,1.4,40,39,53,52,46,Pass
STU0619,Swara Naik,Female,22,91,1.1,59,66,70,61,64,Pass
STU0620,Shreya Joshi,Female,21,88,5.7,78,77,88,78,80.3,Pass
STU0621,Divya Malhotra,Female,19,77,6.9,70,75,85,79,77.3,Pass
STU0622,Harsh Dubey,Male,19,54,2.2,42,27,59,45,43.3,Fail
STU0623,Rahul Yadav,Male,18,78,2.2,48,53,49,46,49,Pass
STU0624,Karthik Pandey,Male,22,62,3.4,38,36,40,42,39,Fail
STU0625,Arjun Joshi,Male,21,55,6,43,48,41,43,43.8,Pass
STU0626,Sanjana Nair,Female,18,93,7.6,64,87,82,66,74.8,Pass
STU0627,Swara Yadav,Female,19,68,7.1,69,62,79,78,72,Pass
STU0628,Krishna Banerjee,Male,18,96,3.2,66,61,65,72,66,Pass
STU0629,Vihaan Bhat,Male,19,88,2,47,59,50,54,52.5,Pass
STU0630,Rahul Chauhan,Male,19,70,1.2,49,57,64,40,52.5,Pass
STU0631,Pooja Pandey,Female,19,94,7.2,81,86,74,65,76.5,Pass
STU0632,Reyansh Deshmukh,Male,19,77,6.8,48,55,55,62,55,Pass
STU0633,Tejas Mehta,Male,21,70,4.9,47,49,43,52,47.8,Pass
STU0634,Karthik Sinha,Male,18,88,3.2,62,67,63,79,67.8,Pass
STU0635,Nisha Sharma,Female,21,74,6.3,58,72,71,66,66.8,Pass
STU0636,Ananya Pillai,Female,21,91,7.4,83,96,100,74,88.3,Pass
STU0637,Siddharth Gupta,Male,21,83,3.3,43,65,65,58,57.8,Pass
STU0638,Reyansh Reddy,Male,19,51,3.5,36,34,26,32,32,Fail
STU0639,Harsh Shetty,Male,22,70,4.7,55,53,63,63,58.5,Pass
STU0640,Manish Banerjee,Male,22,96,4.1,78,79,66,67,72.5,Pass
STU0641,Shreya Kulkarni,Female,21,61,4.5,50,56,55,48,52.3,Pass
STU0642,Riya Kapoor,Female,20,85,2.3,50,38,51,34,43.3,Fail
STU0643,Aryan Iyer,Male,21,85,3.1,64,64,78,64,67.5,Pass
STU0644,Rajat Kapoor,Male,19,65,5.6,62,58,47,53,55,Pass
STU0645,Aarav Pandey,Male,22,76,6.6,66,72,78,80,74,Pass
STU0646,Vihaan Thakur,Male,22,72,2.3,57,51,64,66,59.5,Pass
STU0647,Saanvi Mishra,Female,21,59,5.4,39,51,42,36,42,Pass
STU0648,Mitali Desai,Female,19,95,4.3,60,56,56,57,57.3,Pass
STU0649,Mitali Verma,Female,18,99,7.4,84,67,85,90,81.5,Pass
STU0650,Mitali Pandey,Female,21,91,5.1,78,57,75,67,69.3,Pass
STU0651,Ishaan Mishra,Male,18,52,4.3,32,42,52,34,40,Fail
STU0652,Krishna Shetty,Male,22,78,3.5,56,67,76,49,62,Pass
STU0653,Dhruv Kulkarni,Male,22,93,3.8,66,65,55,54,60,Pass
STU0654,Nisha Banerjee,Female,21,77,5.7,56,62,54,67,59.8,Pass
STU0655,Gayatri Desai,Female,20,95,1.1,65,64,75,70,68.5,Pass
STU0656,Ishaan Malhotra,Male,22,54,7.5,36,34,39,47,39,Fail
STU0657,Gaurav Pillai,Male,21,82,7.7,63,52,73,61,62.3,Pass
STU0658,Komal Shah,Female,22,83,4,45,60,33,51,47.3,Fail
STU0659,Gaurav Joshi,Male,18,52,1.8,33,40,42,36,37.8,Fail
STU0660,Riya Desai,Female,21,92,4.8,70,70,78,75,73.3,Pass
STU0661,Siddharth Gupta,Male,18,65,6.5,49,46,59,52,51.5,Pass
STU0662,Pari Yadav,Female,21,78,3.2,58,51,46,62,54.3,Pass
STU0663,Abhinav Dubey,Male,19,80,2.5,44,48,59,57,52,Pass
STU0664,Myra Sinha,Female,20,100,7.3,90,80,82,81,83.3,Pass
STU0665,Pranav Chauhan,Male,18,93,7.3,79,74,97,73,80.8,Pass
STU0666,Krishna Mishra,Male,22,97,5.7,81,72,82,83,79.5,Pass
STU0667,Omkar Chauhan,Male,18,56,7.7,51,57,52,54,53.5,Pass
STU0668,Harsh Reddy,Male,22,51,5.7,40,46,49,51,46.5,Pass
STU0669,Aryan Mishra,Male,20,52,2.8,47,50,46,46,47.3,Pass
STU0670,Aditya Dubey,Male,18,60,7.5,64,34,53,59,52.5,Fail
STU0671,Komal Bhat,Female,20,75,1.5,35,53,62,56,51.5,Pass
STU0672,Charvi Iyer,Female,22,54,4.1,42,38,42,38,40,Pass
STU0673,Komal Bhat,Female,19,71,2.3,56,53,61,55,56.3,Pass
STU0674,Ayaan Pillai,Male,22,82,5.5,67,63,56,54,60,Pass
STU0675,Sneha Dubey,Female,21,64,5.6,52,60,43,52,51.8,Pass
STU0676,Manish Banerjee,Male,19,84,4.2,76,65,68,61,67.5,Pass
STU0677,Abhinav Yadav,Male,20,53,6.1,47,47,43,43,45,Pass
STU0678,Suresh Deshmukh,Male,18,92,5.2,74,70,91,87,80.5,Pass
STU0679,Pari Mishra,Female,22,78,5.1,46,56,48,51,50.3,Pass
STU0680,Tejas Yadav,Male,18,99,4.1,84,81,92,78,83.8,Pass
STU0681,Diya Dubey,Female,18,62,6.2,53,54,61,55,55.8,Pass
STU0682,Bhavya Gupta,Female,21,55,5.6,58,53,53,61,56.3,Pass
STU0683,Abhinav Rao,Male,18,89,6.8,78,84,86,65,78.3,Pass
STU0684,Anjali Kulkarni,Female,18,58,7.6,59,73,89,67,72,Pass
STU0685,Yash Banerjee,Male,21,54,3.1,34,50,42,26,38,Fail
STU0686,Rahul Rao,Male,20,54,7.3,61,53,51,56,55.3,Pass
STU0687,Harsh Naik,Male,18,53,1.1,17,31,27,36,27.8,Fail
STU0688,Diya Mishra,Female,18,72,5.5,59,62,64,64,62.3,Pass
STU0689,Ishaan Shetty,Male,22,63,7.3,42,49,59,43,48.3,Pass
STU0690,Pranav Nair,Male,21,69,4,35,46,29,46,39,Fail
STU0691,Aanya Shah,Female,20,66,2,54,33,50,44,45.3,Fail
STU0692,Shreya Chauhan,Female,20,88,5.3,69,60,60,51,60,Pass
STU0693,Arjun Nair,Male,21,58,4.6,39,46,57,30,43,Fail
STU0694,Sanjana Bhat,Female,22,51,6.9,57,53,60,51,55.3,Pass
STU0695,Omkar Mishra,Male,21,99,5.5,80,79,83,76,79.5,Pass
STU0696,Abhinav Kulkarni,Male,19,65,2.4,37,38,39,32,36.5,Fail
STU0697,Rajat Naik,Male,18,84,4.1,46,49,65,57,54.3,Pass
STU0698,Sneha Gupta,Female,20,53,7.6,52,68,66,61,61.8,Pass
STU0699,Manish Pandey,Male,19,78,6.2,53,51,50,51,51.3,Pass
STU0700,Sneha Iyer,Female,22,91,3.2,60,68,75,66,67.3,Pass
STU0701,Nikhil Deshmukh,Male,22,76,7.4,61,46,63,71,60.3,Pass
STU0702,Shreya Rao,Female,22,54,5.6,49,44,55,62,52.5,Pass
STU0703,Ishita Shah,Female,21,56,4,30,37,39,50,39,Fail
STU0704,Pooja Gupta,Female,21,53,2.8,31,27,41,40,34.8,Fail
STU0705,Rohan Sharma,Male,20,62,6.4,52,65,56,58,57.8,Pass
STU0706,Bhavya Chatterjee,Female,22,54,6.8,58,56,53,58,56.3,Pass
STU0707,Gayatri Bhat,Female,18,52,4.9,31,35,39,44,37.3,Fail
STU0708,Lakshmi Kapoor,Female,20,77,3.4,53,55,56,51,53.8,Pass
STU0709,Reyansh Thakur,Male,18,95,4.3,78,71,73,79,75.3,Pass
STU0710,Kabir Deshmukh,Male,22,52,5.7,56,48,40,52,49,Pass
STU0711,Rohan Pillai,Male,20,74,3.9,54,53,47,42,49,Pass
STU0712,Arjun Sinha,Male,22,74,3,55,51,67,43,54,Pass
STU0713,Rahul Deshmukh,Male,18,51,4.1,57,40,50,44,47.8,Pass
STU0714,Reyansh Banerjee,Male,21,82,2.7,66,41,58,45,52.5,Pass
STU0715,Myra Pillai,Female,18,68,4.5,49,53,49,47,49.5,Pass
STU0716,Sai Kulkarni,Male,18,73,6.2,53,59,57,78,61.8,Pass
STU0717,Myra Banerjee,Female,19,82,5,58,69,64,43,58.5,Pass
STU0718,Saanvi Iyer,Female,22,99,7.6,76,75,87,78,79,Pass
STU0719,Mitali Pillai,Female,21,74,3.7,61,53,61,55,57.5,Pass
STU0720,Bhavya Bhat,Female,18,51,1.3,29,31,43,35,34.5,Fail
STU0721,Pranav Sinha,Male,21,57,5.7,44,44,46,54,47,Pass
STU0722,Yash Pandey,Male,18,84,1.8,68,62,53,61,61,Pass
STU0723,Nitin Deshmukh,Male,19,84,2.6,75,59,66,61,65.3,Pass
STU0724,Manish Joshi,Male,20,79,4.9,62,59,78,67,66.5,Pass
STU0725,Nitin Kapoor,Male,21,52,6.9,39,42,58,49,47,Pass
STU0726,Omkar Sharma,Male,19,71,3.8,40,39,56,55,47.5,Pass
STU0727,Ayaan Desai,Male,21,65,6,55,54,47,48,51,Pass
STU0728,Siddharth Sinha,Male,21,72,6.3,71,80,79,85,78.8,Pass
STU0729,Anjali Mehta,Female,21,53,3.9,46,55,42,35,44.5,Pass
STU0730,Gayatri Desai,Female,19,96,2.5,45,45,57,55,50.5,Pass
STU0731,Priya Kulkarni,Female,20,54,6.5,49,43,51,53,49,Pass
STU0732,Suresh Joshi,Male,22,99,7.1,67,56,54,65,60.5,Pass
STU0733,Saanvi Sinha,Female,19,51,4.6,38,33,33,37,35.3,Fail
STU0734,Siddharth Mehta,Male,19,55,6.4,55,62,58,59,58.5,Pass
STU0735,Aanya Desai,Female,20,70,3.2,45,41,50,48,46,Pass
STU0736,Pari Kulkarni,Female,18,68,3.9,43,33,30,44,37.5,Fail
STU0737,Reyansh Nair,Male,22,68,4.4,52,58,41,58,52.3,Pass
STU0738,Tanvi Joshi,Female,20,75,4.9,53,54,49,58,53.5,Pass
STU0739,Myra Gupta,Female,19,86,5.2,67,62,75,60,66,Pass
STU0740,Rajat Reddy,Male,18,71,8,57,62,67,67,63.3,Pass
STU0741,Neha Shah,Female,20,60,4.6,59,45,41,46,47.8,Pass
STU0742,Meera Malhotra,Female,21,81,6.9,47,62,46,61,54,Pass
STU0743,Ananya Sinha,Female,20,86,6.1,64,70,68,64,66.5,Pass
STU0744,Arjun Thakur,Male,21,68,1.9,38,35,43,40,39,Fail
STU0745,Ayaan Patel,Male,19,55,4.8,35,40,52,39,41.5,Pass
STU0746,Aryan Pillai,Male,20,58,4.1,47,35,50,44,44,Pass
STU0747,Aditya Chatterjee,Male,21,54,5.7,13,36,47,54,37.5,Fail
STU0748,Tanvi Naik,Female,20,92,6.2,65,65,73,63,66.5,Pass
STU0749,Vivaan Kapoor,Male,21,84,3.2,48,56,54,54,53,Pass
STU0750,Manish Gupta,Male,21,61,6.9,68,40,60,45,53.3,Pass
STU0751,Komal Patel,Female,19,66,7.6,57,51,57,67,58,Pass
STU0752,Bhavya Sinha,Female,22,94,2.8,63,62,73,68,66.5,Pass
STU0753,Lakshmi Sinha,Female,22,51,2.1,33,40,27,44,36,Fail
STU0754,Sai Kapoor,Male,22,100,7.3,74,81,81,69,76.3,Pass
STU0755,Charvi Malhotra,Female,19,86,1.7,45,51,48,56,50,Pass
STU0756,Diya Patel,Female,21,94,3.6,69,69,76,63,69.3,Pass
STU0757,Sneha Iyer,Female,19,57,3.5,52,40,53,47,48,Pass
STU0758,Aarav Pillai,Male,20,75,4.5,48,61,57,55,55.3,Pass
STU0759,Krishna Desai,Male,21,60,7.4,64,62,74,75,68.8,Pass
STU0760,Ayaan Chauhan,Male,18,61,6.6,73,43,57,54,56.8,Pass
STU0761,Divya Chauhan,Female,22,62,5,47,58,44,54,50.8,Pass
STU0762,Tanvi Patel,Female,21,71,5.2,57,51,62,52,55.5,Pass
STU0763,Karthik Naik,Male,18,73,5.2,43,45,58,54,50,Pass
STU0764,Myra Verma,Female,18,81,1.7,41,50,54,65,52.5,Pass
STU0765,Manish Dubey,Male,19,54,7.7,37,43,47,32,39.8,Fail
STU0766,Aadhya Bhat,Female,19,57,3.8,30,22,46,40,34.5,Fail
STU0767,Priya Mishra,Female,21,69,5.4,48,55,49,61,53.3,Pass
STU0768,Priya Sharma,Female,22,83,1.6,37,44,56,40,44.3,Pass
STU0769,Jyoti Pandey,Female,21,60,7.6,57,58,61,68,61,Pass
STU0770,Meera Thakur,Female,19,77,1.2,34,38,39,41,38,Fail
STU0771,Rajat Iyer,Male,22,84,5.2,61,64,64,59,62,Pass
STU0772,Divya Thakur,Female,18,77,6.5,60,47,57,60,56,Pass
STU0773,Gaurav Mishra,Male,21,53,7.3,33,21,38,37,32.3,Fail
STU0774,Saanvi Reddy,Female,19,72,5.3,71,58,82,75,71.5,Pass
STU0775,Diya Iyer,Female,21,84,5.1,45,43,59,50,49.3,Pass
STU0776,Rohan Pillai,Male,21,58,4.4,37,39,28,47,37.8,Fail
STU0777,Mitali Gupta,Female,19,84,1.8,54,32,44,51,45.3,Fail
STU0778,Anjali Joshi,Female,21,58,1.2,21,33,28,36,29.5,Fail
STU0779,Nisha Patel,Female,20,95,3.7,68,81,90,88,81.8,Pass
STU0780,Aditya Thakur,Male,20,72,2.4,41,43,48,30,40.5,Fail
STU0781,Pranav Malhotra,Male,20,65,7.1,52,51,45,44,48,Pass
STU0782,Aditya Kapoor,Male,18,98,5.2,71,64,78,76,72.3,Pass
STU0783,Pooja Kapoor,Female,18,89,4.6,73,57,60,54,61,Pass
STU0784,Swara Sinha,Female,18,78,7.6,74,71,85,73,75.8,Pass
STU0785,Neha Joshi,Female,21,81,2.5,48,45,58,45,49,Pass
STU0786,Jyoti Shah,Female,20,65,6.2,39,41,51,43,43.5,Pass
STU0787,Nisha Rao,Female,21,70,1.4,61,58,72,50,60.3,Pass
STU0788,Kavya Nair,Female,19,52,1.4,44,35,37,27,35.8,Fail
STU0789,Aadhya Pandey,Female,19,59,7.8,63,76,61,61,65.3,Pass
STU0790,Siddharth Shah,Male,18,58,7.8,75,47,63,46,57.8,Pass
STU0791,Ananya Iyer,Female,18,75,5,61,74,71,65,67.8,Pass
STU0792,Vivaan Bhat,Male,19,71,1.1,48,47,55,52,50.5,Pass
STU0793,Swara Shetty,Female,22,55,2.3,16,34,28,22,25,Fail
STU0794,Sneha Reddy,Female,22,58,5.8,41,57,52,45,48.8,Pass
STU0795,Kavya Verma,Female,22,89,1.5,48,51,68,68,58.8,Pass
STU0796,Krishna Verma,Male,20,51,5,45,35,48,50,44.5,Pass
STU0797,Pranav Dubey,Male,18,77,3.3,57,49,64,64,58.5,Pass
STU0798,Neha Patel,Female,18,58,5,61,52,52,42,51.8,Pass
STU0799,Komal Bhat,Female,19,65,3.8,51,50,45,42,47,Pass
STU0800,Mitali Thakur,Female,18,89,7.3,88,77,89,83,84.3,Pass
STU0801,Rohan Kapoor,Male,21,71,7.7,58,43,64,66,57.8,Pass
STU0802,Pooja Bhat,Female,20,89,2.8,57,49,67,66,59.8,Pass
STU0803,Sanjana Verma,Female,20,82,4.6,66,51,71,47,58.8,Pass
STU0804,Sanjana Kulkarni,Female,21,65,2.8,51,46,45,50,48,Pass
STU0805,Arjun Malhotra,Male,22,67,6.3,48,50,53,45,49,Pass
STU0806,Divya Rao,Female,19,60,3.6,43,35,40,42,40,Pass
STU0807,Jyoti Kulkarni,Female,22,51,6.1,58,51,53,72,58.5,Pass
STU0808,Neha Patel,Female,19,71,7,60,63,81,62,66.5,Pass
STU0809,Riya Naik,Female,22,52,3.6,39,32,38,31,35,Fail
STU0810,Jyoti Sinha,Female,19,78,3.8,67,64,64,59,63.5,Pass
STU0811,Ishaan Kulkarni,Male,22,86,6.6,75,59,71,74,69.8,Pass
STU0812,Shreya Pillai,Female,19,64,6.6,35,44,50,44,43.3,Pass
STU0813,Shreya Verma,Female,18,83,2.5,56,62,49,41,52,Pass
STU0814,Neha Pillai,Female,22,81,1.9,37,40,53,46,44,Pass
STU0815,Diya Banerjee,Female,22,51,4.2,50,36,34,56,44,Fail
STU0816,Myra Kulkarni,Female,21,93,1.5,54,79,87,71,72.8,Pass
STU0817,Ishaan Sinha,Male,20,64,5.5,33,48,42,31,38.5,Fail
STU0818,Aditya Naik,Male,20,55,1.2,47,42,45,55,47.3,Pass
STU0819,Saanvi Mishra,Female,18,62,1.7,31,29,37,30,31.8,Fail
STU0820,Pranav Dubey,Male,21,63,3.3,44,31,37,39,37.8,Fail
STU0821,Myra Dubey,Female,18,83,1.7,56,62,50,61,57.3,Pass
STU0822,Vihaan Verma,Male,20,83,7,71,78,70,74,73.3,Pass
STU0823,Pari Malhotra,Female,19,74,2.4,54,53,55,46,52,Pass
STU0824,Ishaan Chatterjee,Male,20,83,6.8,61,62,74,74,67.8,Pass
STU0825,Varun Agarwal,Male,22,65,3.6,57,54,60,56,56.8,Pass
STU0826,Tejas Banerjee,Male,20,83,6.8,72,57,67,71,66.8,Pass
STU0827,Mitali Nair,Female,20,97,7.1,78,76,77,81,78,Pass
STU0828,Charvi Joshi,Female,19,93,5.3,63,68,87,71,72.3,Pass
STU0829,Ananya Deshmukh,Female,19,53,2.2,29,29,30,25,28.3,Fail
STU0830,Dhruv Dubey,Male,20,61,7.8,43,50,63,47,50.8,Pass
STU0831,Ananya Chauhan,Female,18,87,2.1,67,68,62,74,67.8,Pass
STU0832,Sai Verma,Male,20,79,1.7,37,28,42,45,38,Fail
STU0833,Priya Malhotra,Female,21,80,5.7,69,69,73,70,70.3,Pass
STU0834,Vivaan Chatterjee,Male,18,64,5.9,42,41,48,58,47.3,Pass
STU0835,Charvi Deshmukh,Female,19,77,7.1,67,65,58,71,65.3,Pass
STU0836,Siddharth Banerjee,Male,21,76,7.1,63,51,69,68,62.8,Pass
STU0837,Rohan Shetty,Male,22,78,1.5,25,25,40,27,29.3,Fail
STU0838,Nikhil Naik,Male,21,76,2.6,69,44,53,55,55.3,Pass
STU0839,Myra Dubey,Female,19,67,4.9,40,46,41,52,44.8,Pass
STU0840,Anjali Rao,Female,22,56,4.7,29,28,45,48,37.5,Fail
STU0841,Yash Verma,Male,19,91,3.8,55,48,64,63,57.5,Pass
STU0842,Aadhya Nair,Female,18,88,5.9,69,70,78,77,73.5,Pass
STU0843,Harsh Pillai,Male,19,76,3.3,33,46,44,47,42.5,Fail
STU0844,Divya Sharma,Female,19,64,6.6,76,56,75,55,65.5,Pass
STU0845,Shreya Joshi,Female,22,80,3.2,65,66,63,65,64.8,Pass
STU0846,Ishita Naik,Female,22,96,6.8,72,89,83,88,83,Pass
STU0847,Manish Shetty,Male,21,87,5.6,74,74,82,89,79.8,Pass
STU0848,Komal Banerjee,Female,19,96,5.7,67,76,72,76,72.8,Pass
STU0849,Arjun Patel,Male,21,62,7.6,64,79,76,65,71,Pass
STU0850,Pari Pillai,Female,22,97,6.6,85,78,79,70,78,Pass
STU0851,Sanjana Malhotra,Female,19,93,4.2,68,67,61,65,65.3,Pass
STU0852,Vihaan Pillai,Male,18,53,5.2,49,42,52,43,46.5,Pass
STU0853,Meera Thakur,Female,18,56,5.8,59,70,60,53,60.5,Pass
STU0854,Myra Thakur,Female,21,67,3,41,46,46,52,46.3,Pass
STU0855,Arjun Iyer,Male,20,98,3.5,82,75,93,67,79.3,Pass
STU0856,Gaurav Sharma,Male,20,80,4.4,59,55,57,70,60.3,Pass
STU0857,Vihaan Patel,Male,20,82,7.6,58,62,65,63,62,Pass
STU0858,Rahul Patel,Male,21,85,1.5,39,44,59,51,48.3,Pass
STU0859,Varun Dubey,Male,18,88,1.4,35,34,52,45,41.5,Fail
STU0860,Yash Verma,Male,22,60,4.9,48,30,45,47,42.5,Fail
STU0861,Jyoti Banerjee,Female,22,89,5.7,84,60,74,57,68.8,Pass
STU0862,Krishna Chauhan,Male,18,68,1.6,37,27,42,43,37.3,Fail
STU0863,Nisha Kulkarni,Female,22,80,3.5,45,57,56,52,52.5,Pass
STU0864,Bhavya Mishra,Female,20,83,6.4,61,68,72,75,69,Pass
STU0865,Komal Deshmukh,Female,22,87,1.9,66,39,48,58,52.8,Pass
STU0866,Bhavya Pandey,Female,21,51,3,40,43,49,40,43,Pass
STU0867,Jyoti Shetty,Female,18,64,3.3,60,57,51,47,53.8,Pass
STU0868,Ayaan Kulkarni,Male,18,81,6.3,85,68,81,69,75.8,Pass
STU0869,Shreya Kulkarni,Female,20,90,7.5,82,82,79,62,76.3,Pass
STU0870,Meera Shetty,Female,22,53,1.7,19,20,14,25,19.5,Fail
STU0871,Jyoti Mishra,Female,18,83,7.5,55,69,68,54,61.5,Pass
STU0872,Nisha Agarwal,Female,19,99,7.3,80,73,83,80,79,Pass
STU0873,Jyoti Joshi,Female,20,75,5.4,74,71,75,72,73,Pass
STU0874,Nitin Nair,Male,22,62,1.2,39,45,39,36,39.8,Fail
STU0875,Rajat Shetty,Male,19,81,5.4,57,62,68,69,64,Pass
STU0876,Manish Shetty,Male,18,52,3.1,40,42,49,35,41.5,Pass
STU0877,Ishaan Kulkarni,Male,19,76,7.2,52,38,76,52,54.5,Pass
STU0878,Pari Rao,Female,21,63,6.5,47,56,52,59,53.5,Pass
STU0879,Kabir Mishra,Male,22,92,2.9,60,58,47,61,56.5,Pass
STU0880,Aditya Kulkarni,Male,20,53,6.6,33,48,44,45,42.5,Fail
STU0881,Dhruv Patel,Male,18,95,1.7,61,72,66,59,64.5,Pass
STU0882,Myra Patel,Female,21,79,6.5,68,60,56,59,60.8,Pass
STU0883,Shreya Sharma,Female,19,95,3.1,50,51,48,48,49.3,Pass
STU0884,Krishna Thakur,Male,18,64,2,31,35,37,21,31,Fail
STU0885,Ishaan Bhat,Male,18,72,4.9,43,46,78,50,54.3,Pass
STU0886,Bhavya Shetty,Female,18,99,4.8,70,77,78,78,75.8,Pass
STU0887,Meera Deshmukh,Female,22,95,1.1,65,68,65,64,65.5,Pass
STU0888,Charvi Deshmukh,Female,18,94,3.4,52,53,62,68,58.8,Pass
STU0889,Tejas Pandey,Male,22,60,6.3,65,65,61,66,64.3,Pass
STU0890,Aadhya Rao,Female,21,81,2.5,44,53,57,45,49.8,Pass
STU0891,Reyansh Desai,Male,19,67,2.9,25,36,38,36,33.8,Fail
STU0892,Anjali Mehta,Female,19,77,1.2,51,48,40,56,48.8,Pass
STU0893,Suresh Sinha,Male,19,55,7.5,30,52,51,42,43.8,Fail
STU0894,Charvi Deshmukh,Female,21,96,6.7,63,71,61,72,66.8,Pass
STU0895,Suresh Sharma,Male,18,76,2.2,54,39,43,38,43.5,Pass
STU0896,Nisha Sinha,Female,18,78,4.9,53,67,62,56,59.5,Pass
STU0897,Vihaan Rao,Male,19,76,1.1,33,53,48,42,44,Fail
STU0898,Priya Kapoor,Female,20,70,7.7,53,61,55,57,56.5,Pass
STU0899,Suresh Yadav,Male,21,54,6.4,44,54,67,56,55.3,Pass
STU0900,Dhruv Deshmukh,Male,22,75,1.1,37,40,42,51,42.5,Pass
STU0901,Nikhil Pillai,Male,22,52,4.9,47,33,46,40,41.5,Fail
STU0902,Divya Dubey,Female,21,60,3.3,43,50,57,47,49.3,Pass
STU0903,Pooja Joshi,Female,22,91,6.7,74,76,81,62,73.3,Pass
STU0904,Jyoti Bhat,Female,18,56,5.9,55,57,63,54,57.3,Pass
STU0905,Nikhil Patel,Male,21,68,3.2,49,42,53,52,49,Pass
STU0906,Swara Mehta,Female,21,97,3.9,53,64,66,74,64.3,Pass
STU0907,Karthik Bhat,Male,21,60,4.9,52,38,45,57,48,Pass
STU0908,Aadhya Reddy,Female,18,52,7.6,47,53,58,64,55.5,Pass
STU0909,Karthik Iyer,Male,21,54,1.8,30,24,43,23,30,Fail
STU0910,Nitin Kapoor,Male,19,54,7.6,52,54,68,71,61.3,Pass
STU0911,Abhinav Deshmukh,Male,21,95,2.2,49,49,68,49,53.8,Pass
STU0912,Sanjana Shah,Female,20,61,3.5,30,33,34,33,32.5,Fail
STU0913,Pooja Shetty,Female,18,88,4.4,54,75,76,68,68.3,Pass
STU0914,Anjali Naik,Female,20,62,5.5,51,38,63,44,49,Pass
STU0915,Yash Patel,Male,18,64,5.5,41,39,49,36,41.3,Pass
STU0916,Rohan Deshmukh,Male,19,87,2.6,60,59,73,62,63.5,Pass
STU0917,Jyoti Thakur,Female,18,90,6,65,73,82,77,74.3,Pass
STU0918,Nitin Pandey,Male,22,77,1.9,56,59,54,56,56.3,Pass
STU0919,Charvi Mehta,Female,21,53,6.9,30,29,55,31,36.3,Fail
STU0920,Abhinav Malhotra,Male,20,64,7.6,65,67,72,54,64.5,Pass
STU0921,Aditya Mehta,Male,21,86,3.7,62,75,71,68,69,Pass
STU0922,Vivaan Dubey,Male,19,51,3.2,30,21,34,37,30.5,Fail
STU0923,Saanvi Reddy,Female,20,65,7,45,59,48,48,50,Pass
STU0924,Priya Patel,Female,18,73,3.2,55,48,61,57,55.3,Pass
STU0925,Kavya Reddy,Female,19,51,1.6,39,26,26,35,31.5,Fail
STU0926,Sai Mishra,Male,21,87,3.5,46,47,62,47,50.5,Pass
STU0927,Rahul Gupta,Male,19,85,5.7,67,63,70,73,68.3,Pass
STU0928,Mitali Kapoor,Female,19,80,1.3,36,50,50,45,45.3,Pass
STU0929,Aadhya Chatterjee,Female,19,85,1.6,51,55,46,44,49,Pass
STU0930,Pranav Chauhan,Male,20,97,4.1,68,76,72,89,76.3,Pass
STU0931,Kabir Deshmukh,Male,22,70,5.2,47,72,56,59,58.5,Pass
STU0932,Rajat Sinha,Male,19,94,2.6,62,56,60,52,57.5,Pass
STU0933,Kavya Kapoor,Female,18,97,5,76,86,87,80,82.3,Pass
STU0934,Saanvi Chatterjee,Female,22,63,7.6,58,65,43,50,54,Pass
STU0935,Sanjana Kapoor,Female,22,77,1.5,36,35,29,28,32,Fail
STU0936,Suresh Naik,Male,21,59,7,57,59,59,67,60.5,Pass
STU0937,Ayaan Patel,Male,22,98,2.3,71,71,77,75,73.5,Pass
STU0938,Manish Pillai,Male,20,90,2.5,66,61,72,55,63.5,Pass
STU0939,Charvi Pandey,Female,19,88,1.1,33,53,58,61,51.3,Fail
STU0940,Ishaan Shah,Male,21,72,7.3,65,55,79,72,67.8,Pass
STU0941,Siddharth Thakur,Male,20,78,3.6,46,59,52,49,51.5,Pass
STU0942,Pranav Sinha,Male,21,51,4.5,31,20,38,34,30.8,Fail
STU0943,Reyansh Pillai,Male,20,67,6.9,47,45,42,34,42,Fail
STU0944,Meera Chatterjee,Female,22,85,6.1,70,79,74,59,70.5,Pass
STU0945,Aanya Pandey,Female,20,75,7.9,64,54,64,53,58.8,Pass
STU0946,Neha Chatterjee,Female,21,62,2,32,28,40,32,33,Fail
STU0947,Harsh Verma,Male,18,55,4.4,48,44,44,52,47,Pass
STU0948,Rhea Banerjee,Female,20,68,7.4,66,60,71,67,66,Pass
STU0949,Neha Nair,Female,19,80,4,59,65,66,61,62.8,Pass
STU0950,Omkar Patel,Male,22,87,3.7,71,63,79,74,71.8,Pass
STU0951,Nisha Sinha,Female,19,100,3.3,51,75,75,70,67.8,Pass
STU0952,Saanvi Banerjee,Female,22,72,7,39,52,64,51,51.5,Pass
STU0953,Siddharth Kulkarni,Male,21,100,6,77,66,87,86,79,Pass
STU0954,Suresh Sharma,Male,21,90,4.9,63,69,79,59,67.5,Pass
STU0955,Tanvi Kapoor,Female,19,91,2.1,68,51,61,60,60,Pass
STU0956,Sanjana Bhat,Female,21,61,4.3,46,42,50,63,50.3,Pass
STU0957,Vivaan Shetty,Male,18,81,2,44,52,70,52,54.5,Pass
STU0958,Lakshmi Gupta,Female,20,59,3.9,59,63,65,50,59.3,Pass
STU0959,Tejas Rao,Male,20,56,6.2,45,46,44,42,44.3,Pass
STU0960,Vihaan Sinha,Male,20,53,3.9,36,30,43,49,39.5,Fail
STU0961,Manish Naik,Male,19,88,7.6,76,67,70,74,71.8,Pass
STU0962,Vivaan Kapoor,Male,21,51,1.2,38,22,36,39,33.8,Fail
STU0963,Karthik Shah,Male,22,67,6.1,66,54,46,57,55.8,Pass
STU0964,Harsh Chauhan,Male,19,69,6.3,41,45,52,47,46.3,Pass
STU0965,Aadhya Yadav,Female,19,90,3.9,50,68,61,62,60.3,Pass
STU0966,Pari Kapoor,Female,20,55,4,31,45,31,43,37.5,Fail
STU0967,Charvi Patel,Female,22,96,4.9,65,62,64,65,64,Pass
STU0968,Omkar Gupta,Male,21,88,5.8,76,70,66,72,71,Pass
STU0969,Swara Rao,Female,21,58,5,40,43,54,46,45.8,Pass
STU0970,Dhruv Thakur,Male,22,91,5.7,64,63,59,70,64,Pass
STU0971,Sanjana Naik,Female,22,67,1.8,41,29,35,24,32.3,Fail
STU0972,Charvi Verma,Female,22,99,7.4,86,87,89,75,84.3,Pass
STU0973,Rohan Mishra,Male,19,86,1.5,61,76,59,65,65.3,Pass
STU0974,Nikhil Naik,Male,18,79,1.6,55,40,58,56,52.3,Pass
STU0975,Ananya Joshi,Female,21,89,6.5,65,75,72,78,72.5,Pass
STU0976,Rhea Kulkarni,Female,22,97,2.3,46,45,55,55,50.3,Pass
STU0977,Ayaan Thakur,Male,18,89,4.6,83,75,68,76,75.5,Pass
STU0978,Anjali Patel,Female,22,52,6.9,44,48,58,53,50.8,Pass
STU0979,Dhruv Chauhan,Male,19,74,7.2,76,68,73,64,70.3,Pass
STU0980,Priya Verma,Female,22,90,4.2,76,62,67,73,69.5,Pass
STU0981,Komal Chatterjee,Female,18,55,3.1,35,40,49,54,44.5,Pass
STU0982,Manish Patel,Male,19,95,2.6,74,67,72,63,69,Pass
STU0983,Omkar Kulkarni,Male,18,51,3.9,44,31,37,33,36.3,Fail
STU0984,Krishna Agarwal,Male,18,84,6.4,74,86,90,86,84,Pass
STU0985,Krishna Iyer,Male,19,69,7.5,72,72,82,66,73,Pass
STU0986,Meera Sharma,Female,20,70,2.1,62,53,46,42,50.8,Pass
STU0987,Abhinav Kulkarni,Male,18,60,3.5,28,24,26,31,27.3,Fail
STU0988,Manish Rao,Male,22,80,5.8,59,58,49,57,55.8,Pass
STU0989,Ishita Mishra,Female,19,81,4.3,69,59,71,70,67.3,Pass
STU0990,Shreya Rao,Female,22,52,3.4,29,38,25,39,32.8,Fail
STU0991,Tanvi Joshi,Female,21,59,7.3,59,59,72,63,63.3,Pass
STU0992,Vihaan Verma,Male,19,75,4.8,62,56,64,58,60,Pass
STU0993,Divya Pandey,Female,21,72,1.4,36,40,70,55,50.3,Pass
STU0994,Sai Verma,Male,22,61,4.6,44,48,54,43,47.3,Pass
STU0995,Yash Sharma,Male,20,74,4.5,63,64,71,63,65.3,Pass
STU0996,Meera Dubey,Female,22,59,5.7,45,54,44,51,48.5,Pass
STU0997,Nitin Patel,Male,22,94,6.5,60,74,85,69,72,Pass
STU0998,Ishaan Verma,Male,21,75,3.1,55,41,46,56,49.5,Pass
STU0999,Sneha Pillai,Female,21,76,3,50,47,51,53,50.3,Pass
STU1000,Reyansh Chatterjee,Male,19,63,5.2,32,42,48,41,40.8,Fail